time,episode,total_frames,epsilon,highest_reward,mean_rewards,mean_loss,estimating_reward,reward_exponent
0:00:00.450240,0,208.0,1.000,2.0,2.0,nan,True,2.0
0:00:04.019494,10,1882.0,1.000,3.0,0.9,nan,True,2.0
0:00:07.459663,20,3516.0,1.000,3.0,1.0,nan,True,2.0
0:00:10.680049,30,5044.0,1.000,3.0,0.5,nan,True,2.0
0:00:14.103996,40,6666.0,1.000,3.0,0.8,nan,True,2.0
0:00:17.341328,50,8200.0,1.000,3.0,0.5,nan,True,2.0
0:00:21.317027,60,10084.0,1.000,4.0,1.6,nan,True,2.0
