time,episode,total_frames,epsilon,highest_reward,mean_rewards,mean_loss,estimating_reward,reward_exponent
0:00:00.590940,0,308.0,1.000,350.0,350.0,nan,True,1.0
0:00:05.225426,10,2723.0,1.000,500.0,250.0,nan,True,1.0
0:00:10.030388,20,5217.0,1.000,500.0,260.0,nan,True,1.0
0:00:15.506590,30,8059.0,1.000,500.0,265.0,nan,True,1.0
0:00:20.532693,40,10662.0,1.000,500.0,270.0,nan,True,1.0
0:00:25.308284,50,13134.0,1.000,500.0,265.0,nan,True,1.0
